id,ident,type,name,latitude,longitude,iso_country,municipality,gps_code,iata_code,country,region
3,AGGH,large_airport,Honiara International Airport,-9.428,160.054993,SB,Honiara,AGGH,HIR,SB,GU
67,AYPY,large_airport,Port Moresby Jacksons International Airport,-9.44338035583496,147.22000122070312,PG,Port Moresby,AYPY,POM,PG,NCD
123,BIKF,large_airport,Keflavik International Airport,63.985001,-22.6056,IS,Reykjavík,BIKF,KEF,IS,2
1717,CYEG,large_airport,Edmonton International Airport,53.3097,-113.580002,CA,Edmonton,CYEG,YEG,CA,AB
1770,CYHZ,large_airport,Halifax / Stanfield International Airport,44.8807983398,-63.5085983276,CA,Halifax,CYHZ,YHZ,CA,NS
1840,CYOW,large_airport,Ottawa Macdonald-Cartier International Airport,45.322498,-75.669197,CA,Ottawa,CYOW,YOW,CA,ON
1864,CYQB,large_airport,Quebec Jean Lesage International Airport,46.7911,-71.393303,CA,Quebec,CYQB,YQB,CA,QC
1928,CYUL,large_airport,Montreal / Pierre Elliott Trudeau International Airport,45.467837,-73.742294,CA,Montréal,CYUL,YUL,CA,QC
1941,CYVR,large_airport,Vancouver International Airport,49.193901062,-123.183998108,CA,Vancouver,CYVR,YVR,CA,BC
1946,CYWG,large_airport,Winnipeg / James Armstrong Richardson International Airport,49.9099998474,-97.2398986816,CA,Winnipeg,CYWG,YWG,CA,MB
1973,CYYC,large_airport,Calgary International Airport,51.118822,-114.009933,CA,Calgary,CYYC,YYC,CA,AB
1986,CYYT,large_airport,St. John's International Airport,47.618599,-52.7519,CA,St. John's,CYYT,YYT,CA,NL
1990,CYYZ,large_airport,Toronto Lester B. Pearson International Airport,43.6772,-79.6306,CA,Toronto,CYYZ,YYZ,CA,ON
2050,DAAG,large_airport,Houari Boumediene Airport,36.693886,3.214531,DZ,Algiers,DAAG,ALG,DZ,16
2090,DGAA,large_airport,Kotoka International Airport,5.605189800262451,-0.1667860001325607,GH,Accra,DGAA,ACC,GH,AA
2104,DNAA,large_airport,Nnamdi Azikiwe International Airport,9.00679,7.26317,NG,Abuja,DNAA,ABV,NG,FC
2118,DNMM,large_airport,Murtala Muhammed International Airport,6.5773701667785645,3.321160078048706,NG,Lagos,DNMM,LOS,NG,LA
2125,DRRN,large_airport,Diori Hamani International Airport,13.4815,2.18361,NE,Niamey,DRRN,NIM,NE,8
2133,DTTA,large_airport,Tunis Carthage International Airport,36.851002,10.2272,TN,Tunis,DTTA,TUN,TN,11
2155,EBBR,large_airport,Brussels Airport,50.901402,4.48444,BE,Zaventem,EBBR,BRU,BE,VBR
301881,EDDB,large_airport,Berlin Brandenburg Airport,52.362247,13.500672,DE,Berlin,EDDB,BER,DE,BR
2212,EDDF,large_airport,Frankfurt Airport,50.030241,8.561096,DE,Frankfurt am Main,EDDF,FRA,DE,HE
2214,EDDH,large_airport,Hamburg Helmut Schmidt Airport,53.630402,9.98823,DE,Hamburg,EDDH,HAM,DE,HH
2216,EDDK,large_airport,Cologne Bonn Airport,50.865898,7.14274,DE,Köln (Cologne),EDDK,CGN,DE,NW
2217,EDDL,large_airport,Düsseldorf Airport,51.289501,6.76678,DE,Düsseldorf,EDDL,DUS,DE,NW
2218,EDDM,large_airport,Munich Airport,48.353802,11.7861,DE,Munich,EDDM,MUC,DE,BY
2219,EDDN,large_airport,Nuremberg Airport,49.498699,11.078056,DE,Nuremberg,EDDN,NUE,DE,BY
2220,EDDP,large_airport,Leipzig/Halle Airport,51.420657,12.232705,DE,Schkeuditz,EDDP,LEJ,DE,SN
2222,EDDS,large_airport,Stuttgart Airport,48.689899,9.22196,DE,Stuttgart,EDDS,STR,DE,BW
2224,EDDV,large_airport,Hannover Airport,52.461102,9.68508,DE,Hannover,EDDV,HAJ,DE,NI
2301,EETN,large_airport,Lennart Meri Tallinn Airport,59.413246,24.83264,EE,Tallinn,EETN,TLL,EE,37
2307,EFHK,large_airport,Helsinki Vantaa Airport,60.318363,24.963341,FI,Helsinki,EFHK,HEL,FI,18
2385,EGAA,large_airport,Belfast International Airport,54.6575012207,-6.21582984924,GB,Belfast,EGAA,BFS,GB,NIR
2389,EGBB,large_airport,Birmingham International Airport,52.453899,-1.74803,GB,Birmingham,EGBB,BHX,GB,ENG
2398,EGCC,large_airport,Manchester Airport,53.349375,-2.279521,GB,Manchester,EGCC,MAN,GB,ENG
2419,EGGW,large_airport,London Luton Airport,51.874699,-0.368333,GB,"Luton, Bedfordshire",EGGW,LTN,GB,ENG
2429,EGKK,large_airport,London Gatwick Airport,51.148771,-0.192089,GB,"Gatwick, Surrey",EGKK,LGW,GB,ENG
2434,EGLL,large_airport,London Heathrow Airport,51.4706,-0.461941,GB,London,EGLL,LHR,GB,ENG
2461,EGPF,large_airport,Glasgow International Airport,55.871899,-4.43306,GB,"Paisley, Renfrewshire",EGPF,GLA,GB,SCT
2462,EGPH,large_airport,Edinburgh Airport,55.950145,-3.372288,GB,Edinburgh,EGPH,EDI,GB,SCT
2476,EGSS,large_airport,London Stansted Airport,51.884998,0.235,GB,London,EGSS,STN,GB,ENG
2513,EHAM,large_airport,Amsterdam Airport Schiphol,52.308601,4.76389,NL,Amsterdam,EHAM,AMS,NL,NH
2518,EHEH,large_airport,Eindhoven Airport,51.4500999451,5.37452983856,NL,Eindhoven,EHEH,EIN,NL,NB
347108,EHU,large_airport,Ezhou Huahu Airport,30.341178,115.03926,CN,Ezhou,ZHEC,EHU,CN,13
2533,EIDW,large_airport,Dublin Airport,53.428713,-6.262121,IE,Dublin,EIDW,DUB,IE,D
2537,EINN,large_airport,Shannon Airport,52.702,-8.92482,IE,Shannon,EINN,SNN,IE,CE
2541,EKBI,large_airport,Billund Airport,55.740335,9.157019,DK,Billund,EKBI,BLL,DK,83
2542,EKCH,large_airport,Copenhagen Kastrup Airport,55.617900848389,12.656000137329,DK,Copenhagen,EKCH,CPH,DK,84
2563,ELLX,large_airport,Luxembourg-Findel International Airport,49.6233333,6.2044444,LU,Luxembourg,ELLX,LUX,LU,L
2570,ENBR,large_airport,"Bergen Airport, Flesland",60.2934,5.21814,NO,Bergen,ENBR,BGO,NO,46
2578,ENGM,large_airport,"Oslo Airport, Gardermoen",60.193901,11.1004,NO,Oslo,ENGM,OSL,NO,30
2599,ENTC,large_airport,"Tromsø Airport, Langnes",69.683296,18.9189,NO,Tromsø,ENTC,TOS,NO,54
2601,ENVA,large_airport,"Trondheim Airport, Værnes",63.457802,10.924,NO,Trondheim,ENVA,TRD,NO,50
2602,ENZV,large_airport,"Stavanger Airport, Sola",58.876701,5.63778,NO,Stavanger,ENZV,SVG,NO,11
2608,EPGD,large_airport,Gdańsk Lech Wałęsa Airport,54.377602,18.4662,PL,Gdańsk,EPGD,GDN,PL,PM
2609,EPKK,large_airport,Kraków John Paul II International Airport,50.077702,19.7848,PL,Balice,EPKK,KRK,PL,MA
2637,EPWA,large_airport,Warsaw Chopin Airport,52.165699,20.9671,PL,Warsaw,EPWA,WAW,PL,MZ
2648,ESGG,large_airport,Göteborg Landvetter Airport,57.6628,12.2798,SE,Göteborg,ESGG,GOT,SE,Q
2701,ESSA,large_airport,Stockholm-Arlanda Airport,59.64849,17.928829,SE,Stockholm,ESSA,ARN,SE,AB
2758,EVRA,large_airport,Riga International Airport,56.923599,23.9711,LV,Riga,EVRA,RIX,LV,062
2766,EYVI,large_airport,Vilnius International Airport,54.634102,25.285801,LT,Vilnius,EYVI,VNO,LT,VL
2775,FACT,large_airport,Cape Town International Airport,-33.9648017883,18.6016998291,ZA,Cape Town,FACT,CPT,ZA,WC
300795,FALE,large_airport,King Shaka International Airport,-29.6144444444,31.1197222222,ZA,Durban,FALE,DUR,ZA,NL
31055,FAOR,large_airport,O.R. Tambo International Airport,-26.1392,28.246,ZA,Johannesburg,FAOR,JNB,ZA,GT
2864,FBSK,large_airport,Sir Seretse Khama International Airport,-24.555201,25.9182,BW,Gaborone,FBSK,GBE,BW,GA
308033,FDSK,large_airport,King Mswati III International Airport,-26.358611,31.716944,SZ,Mpaka,FDSK,SHO,SZ,LU
2878,FIMP,large_airport,Sir Seewoosagur Ramgoolam International Airport,-20.430201,57.683601,MU,Plaine Magnien,FIMP,MRU,MU,GP
2894,FLLS,large_airport,Kenneth Kaunda International Airport,-15.330833,28.452722,ZM,Lusaka,FLKK,LUN,ZM,09
2905,FMEE,large_airport,Roland Garros Airport,-20.890087,55.518894,RE,Sainte-Marie,FMEE,RUN,RE,SD
2908,FMMI,large_airport,Ivato Airport,-18.7969,47.478802,MG,Antananarivo,FMMI,TNR,MG,T
2942,FNLU,large_airport,Quatro de Fevereiro International Airport,-8.85837,13.2312,AO,Luanda,FNLU,LAD,AO,LUA
2975,FQMA,large_airport,Maputo Airport,-25.920799,32.572601,MZ,Maputo,FQMA,MPM,MZ,MPM
2993,FSIA,large_airport,Seychelles International Airport,-4.67434,55.521801,SC,Mahe Island,FSIA,SEZ,SC,20
2998,FTTJ,large_airport,N'Djamena International Airport,12.1337,15.034,TD,N'Djamena,FTTJ,NDJ,TD,ND
3005,FVHA,large_airport,Robert Gabriel Mugabe International Airport,-17.931801,31.0928,ZW,Harare,FVRG,HRE,ZW,HA
3039,FYWH,large_airport,Hosea Kutako International Airport,-22.4799,17.4709,NA,Windhoek,FYWH,WDH,NA,KH
3040,FZAA,large_airport,Ndjili International Airport,-4.38575,15.4446,CD,Kinshasa,FZAA,FIH,CD,KN
3066,GABS,large_airport,Modibo Keita International Airport,12.5335,-7.94994,ML,Bamako,GABS,BKO,ML,2
3076,GBYD,large_airport,Banjul International Airport,13.338,-16.652201,GM,Banjul,GBYD,BJL,GM,W
3077,GCFV,large_airport,Fuerteventura Airport,28.4527,-13.8638,ES,El Matorral,GCFV,FUE,ES,CN
3081,GCLP,large_airport,Gran Canaria Airport,27.9319,-15.3866,ES,Gran Canaria Island,GCLP,LPA,ES,CN
3082,GCRR,large_airport,César Manrique-Lanzarote Airport,28.945499,-13.6052,ES,San Bartolomé,GCRR,ACE,ES,CN
3083,GCTS,large_airport,Tenerife Sur Airport,28.0445,-16.5725,ES,Tenerife,GCTS,TFS,ES,CN
3095,GFLL,large_airport,Lungi International Airport,8.61644,-13.1955,SL,Freetown (Lungi-Town),GFLL,FNA,SL,N
3099,GLRB,large_airport,Roberts International Airport,6.23379,-10.3623,LR,Monrovia,GLRB,ROB,LR,MG
3113,GMMN,large_airport,Mohammed V International Airport,33.3675,-7.58997,MA,Casablanca,GMMN,CMN,MA,CAS
325736,GOBD,large_airport,Blaise Diagne International Airport,14.67,-17.073333,SN,Dakar,GOBD,DSS,SN,DK
323315,GQNO,large_airport,Nouakchott–Oumtounsy International Airport,18.31,-15.969722,MR,Nouakchott,GQNO,NKC,MR,NKC
3150,GVAC,large_airport,Amílcar Cabral International Airport,16.7414,-22.9494,CV,Espargos,GVAC,SID,CV,B
3157,HAAB,large_airport,Addis Ababa Bole International Airport,8.97789,38.799301,ET,Addis Ababa,HAAB,ADD,ET,AA
3174,HDAM,large_airport,Djibouti-Ambouli Airport,11.5473,43.1595,DJ,Djibouti City,HDAM,JIB,DJ,DJ
3183,HECA,large_airport,Cairo International Airport,30.111534,31.396694,EG,Cairo,HECA,CAI,EG,C
3186,HEGN,large_airport,Hurghada International Airport,27.176776,33.796692,EG,Hurghada,HEGN,HRG,EG,BA
3198,HESH,large_airport,Sharm El Sheikh International Airport,27.977272,34.394717,EG,Sharm El Sheikh,HESH,SSH,EG,JS
3247,HJJJ,large_airport,Juba International Airport,4.87201,31.601101,SS,Juba,HJJJ,JUB,SS,17
3206,HKJK,large_airport,Jomo Kenyatta International Airport,-1.31923997402,36.9277992249,KE,Nairobi,HKJK,NBO,KE,110
3213,HKMO,large_airport,Moi International Airport,-4.03483,39.5942,KE,Mombasa,HKMO,MBA,KE,300
3224,HLLM,large_airport,Mitiga International Airport,32.89177,13.287878,LY,Tripoli,HLLM,MJI,LY,TB
3237,HRYR,large_airport,Kigali International Airport,-1.96863,30.1395,RW,Kigali,HRYR,KGL,RW,01
3249,HSSK,large_airport,Khartoum International Airport,15.5895,32.5532,SD,Khartoum,HSSK,KRT,SD,03
3251,HTDA,large_airport,Julius Nyerere International Airport,-6.87811,39.202599,TZ,Dar es Salaam,HTDA,DAR,TZ,02
3260,HTZA,large_airport,Abeid Amani Karume International Airport,-6.22202,39.224899,TZ,Zanzibar,HTZA,ZNZ,TZ,07
3263,HUEN,large_airport,Entebbe International Airport,0.042386,32.443501,UG,Kampala,HUEN,EBB,UG,C
507227,ID-0277,large_airport,Dhoho International Airport,-7.750278,111.947222,ID,Kediri,WARD,DHX,ID,JI
342094,IN-0277,large_airport,Manohar International Airport,15.744257,73.860625,IN,Mopa,VOGA,GOX,IN,GA
16091,KABQ,large_airport,Albuquerque International Sunport,35.039976,-106.608925,US,Albuquerque,KABQ,ABQ,US,NM
3364,KADW,large_airport,Joint Base Andrews,38.810799,-76.866997,US,Camp Springs,KADW,ADW,US,MD
3384,KATL,large_airport,Hartsfield Jackson Atlanta International Airport,33.6367,-84.428101,US,Atlanta,KATL,ATL,US,GA
3386,KAUS,large_airport,Austin Bergstrom International Airport,30.197535,-97.662015,US,Austin,KAUS,AUS,US,TX
3396,KBDL,large_airport,Bradley International Airport,41.93851,-72.688066,US,Hartford,KBDL,BDL,US,CT
3420,KBNA,large_airport,Nashville International Airport,36.1245,-86.6782,US,Nashville,KBNA,BNA,US,TN
3422,KBOS,large_airport,Logan International Airport,42.36197,-71.0079,US,Boston,KBOS,BOS,US,MA
3431,KBUF,large_airport,Buffalo Niagara International Airport,42.940498,-78.732201,US,Buffalo,KBUF,BUF,US,NY
3435,KBWI,large_airport,Baltimore/Washington International Thurgood Marshall Airport,39.1754,-76.668297,US,Baltimore,KBWI,BWI,US,MD
3454,KCLE,large_airport,Cleveland Hopkins International Airport,41.411701,-81.8498,US,Cleveland,KCLE,CLE,US,OH
3457,KCLT,large_airport,Charlotte Douglas International Airport,35.2140007019043,-80.94309997558594,US,Charlotte,KCLT,CLT,US,NC
19517,KCMA,large_airport,Camarillo International Airport,34.213699,-119.094002,US,Camarillo,KCMA,CMA,US,CA
3458,KCMH,large_airport,John Glenn Columbus International Airport,39.998001,-82.891899,US,Columbus,KCMH,CMH,US,OH
3471,KCVG,large_airport,Cincinnati Northern Kentucky International Airport,39.048801,-84.667801,US,Cincinnati / Covington,KCVG,CVG,US,KY
3483,KDCA,large_airport,Ronald Reagan Washington National Airport,38.8521,-77.037697,US,Washington,KDCA,DCA,US,DC
3486,KDEN,large_airport,Denver International Airport,39.861698150635,-104.672996521,US,Denver,KDEN,DEN,US,CO
3488,KDFW,large_airport,Dallas Fort Worth International Airport,32.896801,-97.038002,US,Dallas-Fort Worth,KDFW,DFW,US,TX
3497,KDTW,large_airport,Detroit Metropolitan Wayne County Airport,42.21377,-83.353786,US,Detroit,KDTW,DTW,US,MI
3521,KEWR,large_airport,Newark Liberty International Airport,40.692501,-74.168701,US,Newark,KEWR,EWR,US,NJ
3531,KFLL,large_airport,Fort Lauderdale Hollywood International Airport,26.072599,-80.152702,US,Fort Lauderdale,KFLL,FLL,US,FL
3602,KIAD,large_airport,Washington Dulles International Airport,38.9445,-77.455803,US,Dulles,KIAD,IAD,US,VA
3604,KIAH,large_airport,George Bush Intercontinental Houston Airport,29.984399795532227,-95.34140014648438,US,Houston,KIAH,IAH,US,TX
3610,KIND,large_airport,Indianapolis International Airport,39.7173,-86.294403,US,Indianapolis,KIND,IND,US,IN
3620,KJAX,large_airport,Jacksonville International Airport,30.492469,-81.687813,US,Jacksonville,KJAX,JAX,US,FL
3622,KJFK,large_airport,John F Kennedy International Airport,40.639447,-73.779317,US,New York,KJFK,JFK,US,NY
3631,KLAS,large_airport,Harry Reid International Airport,36.083361,-115.151817,US,Las Vegas,KLAS,LAS,US,NV
3632,KLAX,large_airport,Los Angeles International Airport,33.942501,-118.407997,US,Los Angeles,KLAX,LAX,US,CA
3643,KLGA,large_airport,LaGuardia Airport,40.777199,-73.872597,US,New York,KLGA,LGA,US,NY
3668,KMCI,large_airport,Kansas City International Airport,39.2976,-94.713898,US,Kansas City,KMCI,MCI,US,MO
3670,KMCO,large_airport,Orlando International Airport,28.429399490356445,-81.30899810791016,US,Orlando,KMCO,MCO,US,FL
3673,KMDW,large_airport,Chicago Midway International Airport,41.785999,-87.752403,US,Chicago,KMDW,MDW,US,IL
3675,KMEM,large_airport,Memphis International Airport,35.0424,-89.9767,US,Memphis,KMEM,MEM,US,TN
3685,KMIA,large_airport,Miami International Airport,25.79319953918457,-80.29060363769531,US,Miami,KMIA,MIA,US,FL
3690,KMKE,large_airport,General Mitchell International Airport,42.947201,-87.896599,US,Milwaukee,KMKE,MKE,US,WI
3709,KMSP,large_airport,Minneapolis–Saint Paul International Airport / Wold–Chamberlain Field,44.880081,-93.221741,US,Minneapolis,KMSP,MSP,US,MN
3711,KMSY,large_airport,Louis Armstrong New Orleans International Airport,29.993401,-90.258003,US,New Orleans,KMSY,MSY,US,LA
3744,KOAK,large_airport,San Francisco Bay Oakland International Airport,37.720085,-122.221184,US,Oakland,KOAK,OAK,US,CA
3747,KOKC,large_airport,Will Rogers World Airport,35.393388,-97.598248,US,Oklahoma City,KOKC,OKC,US,OK
3751,KOMA,large_airport,Eppley Airfield,41.3032,-95.894096,US,Omaha,KOMA,OMA,US,NE
3752,KONT,large_airport,Ontario International Airport,34.056,-117.600998,US,Ontario,KONT,ONT,US,CA
3754,KORD,large_airport,Chicago O'Hare International Airport,41.9786,-87.9048,US,Chicago,KORD,ORD,US,IL
3755,KORF,large_airport,Norfolk International Airport,36.895341,-76.201,US,Norfolk,KORF,ORF,US,VA
3766,KPBI,large_airport,Palm Beach International Airport,26.683201,-80.095596,US,West Palm Beach,KPBI,PBI,US,FL
3768,KPDX,large_airport,Portland International Airport,45.588699,-122.598,US,Portland,KPDX,PDX,US,OR
3771,KPHL,large_airport,Philadelphia International Airport,39.871899,-75.241096,US,Philadelphia,KPHL,PHL,US,PA
3772,KPHX,large_airport,Phoenix Sky Harbor International Airport,33.435302,-112.005905,US,Phoenix,KPHX,PHX,US,AZ
3778,KPIT,large_airport,Pittsburgh International Airport,40.491501,-80.232903,US,Pittsburgh,KPIT,PIT,US,PA
3795,KPVD,large_airport,Theodore Francis Green State Airport,41.725038,-71.425668,US,Warwick,KPVD,PVD,US,RI
3796,KPWM,large_airport,Portland International Jetport,43.646198,-70.309303,US,Portland,KPWM,PWM,US,ME
3844,KRDU,large_airport,Raleigh Durham International Airport,35.877602,-78.787498,US,Raleigh/Durham,KRDU,RDU,US,NC
3847,KRIC,large_airport,Richmond International Airport,37.505199,-77.319702,US,Richmond,KRIC,RIC,US,VA
3853,KRNO,large_airport,Reno Tahoe International Airport,39.4991,-119.767998,US,Reno,KRNO,RNO,US,NV
3858,KRSW,large_airport,Southwest Florida International Airport,26.53619956970215,-81.75520324707031,US,Fort Myers,KRSW,RSW,US,FL
3862,KSAN,large_airport,San Diego International Airport,32.7336006165,-117.190002441,US,San Diego,KSAN,SAN,US,CA
3863,KSAT,large_airport,San Antonio International Airport,29.533701,-98.469803,US,San Antonio,KSAT,SAT,US,TX
3864,KSAV,large_airport,Savannah Hilton Head International Airport,32.127602,-81.202103,US,Savannah,KSAV,SAV,US,GA
3873,KSDF,large_airport,Louisville Muhammad Ali International Airport,38.1744,-85.736,US,Louisville,KSDF,SDF,US,KY
3875,KSEA,large_airport,Seattle–Tacoma International Airport,47.447943,-122.310276,US,Seattle,KSEA,SEA,US,WA
3876,KSFB,large_airport,Orlando Sanford International Airport,28.7775993347168,-81.23750305175781,US,Orlando,KSFB,SFB,US,FL
3878,KSFO,large_airport,San Francisco International Airport,37.619806,-122.374821,US,San Francisco,KSFO,SFO,US,CA
3883,KSJC,large_airport,Norman Y. Mineta San Jose International Airport,37.362452,-121.929188,US,San Jose,KSJC,SJC,US,CA
3887,KSLC,large_airport,Salt Lake City International Airport,40.78886,-111.979866,US,Salt Lake City,KSLC,SLC,US,UT
3892,KSMF,large_airport,Sacramento International Airport,38.6954,-121.591003,US,Sacramento,KSMF,SMF,US,CA
3894,KSNA,large_airport,John Wayne Orange County International Airport,33.675701,-117.867996,US,Santa Ana,KSNA,SNA,US,CA
3899,KSRQ,large_airport,Sarasota Bradenton International Airport,27.394631,-82.554359,US,Sarasota/Bradenton,KSRQ,SRQ,US,FL
3905,KSTL,large_airport,St Louis Lambert International Airport,38.748697,-90.370003,US,St Louis,KSTL,STL,US,MO
3913,KSYR,large_airport,Syracuse Hancock International Airport,43.11119842529297,-76.1063003540039,US,Syracuse,KSYR,SYR,US,NY
3926,KTPA,large_airport,Tampa International Airport,27.9755,-82.533203,US,Tampa,KTPA,TPA,US,FL
3930,KTUL,large_airport,Tulsa International Airport,36.19839859008789,-95.88809967041016,US,Tulsa,KTUL,TUL,US,OK
3972,LATI,large_airport,Tirana International Airport Mother Teresa,41.4147,19.7206,AL,Rinas,LATI,TIA,AL,02
3974,LBBG,large_airport,Burgas Airport,42.569917,27.515173,BG,Burgas,LBBG,BOJ,BG,02
3977,LBSF,large_airport,Sofia Airport,42.696357,23.417671,BG,Sofia,LBSF,SOF,BG,22
3979,LBWN,large_airport,Varna Airport,43.232101,27.8251,BG,Varna,LBWN,VAR,BG,03
3980,LCLK,large_airport,Larnaca International Airport,34.875099,33.624901,CY,Larnaca,LCLK,LCA,CY,04
3993,LDZA,large_airport,Zagreb Franjo Tuđman International Airport,45.742901,16.0688,HR,Velika Gorica,LDZA,ZAG,HR,01
3997,LEAL,large_airport,Alicante-Elche Miguel Hernández Airport,38.2822,-0.558156,ES,Alicante,LEAL,ALC,ES,VC
4004,LEBL,large_airport,Josep Tarradellas Barcelona-El Prat Airport,41.2971,2.07846,ES,Barcelona,LEBL,BCN,ES,CT
4013,LEIB,large_airport,Ibiza Airport,38.872898,1.37312,ES,Ibiza (Eivissa),LEIB,IBZ,ES,IB
4019,LEMD,large_airport,Adolfo Suárez Madrid–Barajas Airport,40.471926,-3.56264,ES,Madrid,LEMD,MAD,ES,MD
4020,LEMG,large_airport,Málaga-Costa del Sol Airport,36.6749,-4.49911,ES,Málaga,LEMG,AGP,ES,AN
4035,LEPA,large_airport,Palma de Mallorca Airport,39.551701,2.73881,ES,Palma de Mallorca,LEPA,PMI,ES,IB
4038,LEST,large_airport,Santiago-Rosalía de Castro Airport,42.896301,-8.41514,ES,Santiago de Compostela,LEST,SCQ,ES,GA
4060,LFBD,large_airport,Bordeaux-Mérignac Airport,44.8283,-0.715556,FR,Bordeaux/Mérignac,LFBD,BOD,FR,NAQ
4070,LFBO,large_airport,Toulouse-Blagnac Airport,43.629101,1.36382,FR,Toulouse/Blagnac,LFBO,TLS,FR,OCC
4137,LFLL,large_airport,Lyon Saint-Exupéry Airport,45.725996,5.090139,FR,"Colombier-Saugnieu, Rhône",LFLL,LYS,FR,ARA
4155,LFML,large_airport,Marseille Provence Airport,43.438088,5.2125,FR,"Marignane, Bouches-du-Rhône",LFML,MRS,FR,PAC
4156,LFMN,large_airport,Nice-Côte d'Azur Airport,43.658401,7.21587,FR,"Nice, Alpes-Maritimes",LFMN,NCE,FR,PAC
4185,LFPG,large_airport,Charles de Gaulle International Airport,49.012798,2.55,FR,"Paris (Roissy-en-France, Val-d'Oise)",LFPG,CDG,FR,IDF
4189,LFPO,large_airport,Paris-Orly Airport,48.72333,2.37944,FR,"Paris (Orly, Val-de-Marne)",LFPO,ORY,FR,IDF
4226,LFSB,large_airport,EuroAirport Basel-Mulhouse-Freiburg,47.60068,7.521117,FR,Saint-Louis,LFSB,BSL,FR,GES
4251,LGAV,large_airport,Athens Eleftherios Venizelos International Airport,37.936401,23.9445,GR,Spata-Artemida,LGAV,ATH,GR,I
4258,LGIR,large_airport,Heraklion International Nikos Kazantzakis Airport,35.339699,25.1803,GR,Heraklion,LGIR,HER,GR,M
4293,LGTS,large_airport,Thessaloniki Macedonia International Airport,40.51928,22.970009,GR,Thessaloniki,LGTS,SKG,GR,B
4296,LHBP,large_airport,Budapest Liszt Ferenc International Airport,47.43018,19.262393,HU,Budapest,LHBP,BUD,HU,BU
4310,LIBD,large_airport,Bari Karol Wojtyła Airport,41.138901,16.760599,IT,Bari,LIBD,BRI,IT,75
4315,LIBR,large_airport,Brindisi Airport,40.6576,17.947001,IT,Brindisi,LIBR,BDS,IT,75
4318,LICC,large_airport,Catania-Fontanarossa Airport,37.466801,15.0664,IT,Catania,LICC,CTA,IT,82
4321,LICJ,large_airport,Falcone–Borsellino Airport,38.175999,13.091,IT,Palermo,LICJ,PMO,IT,82
4332,LIEE,large_airport,Cagliari Elmas Airport,39.251499,9.05428,IT,Cagliari,LIEE,CAG,IT,88
4340,LIMC,large_airport,Milan Malpensa International Airport,45.6306,8.72811,IT,Ferno (VA),LIMC,MXP,IT,25
4341,LIME,large_airport,Milan Bergamo Airport / Antonio Locatelli Air Base,45.670725,9.709223,IT,Orio al Serio (BG),LIME,BGY,IT,25
4342,LIMF,large_airport,Turin Airport,45.200802,7.64963,IT,Caselle Torinese (TO),LIMF,TRN,IT,21
4354,LIPE,large_airport,Bologna Guglielmo Marconi Airport,44.5354,11.2887,IT,Bologna,LIPE,BLQ,IT,45
4366,LIPX,large_airport,Verona Villafranca Valerio Catullo Airport,45.394955,10.887303,IT,Caselle (VR),LIPX,VRN,IT,34
4368,LIPZ,large_airport,Venice Marco Polo Airport,45.505299,12.3519,IT,Venezia (VE),LIPZ,VCE,IT,34
4372,LIRF,large_airport,Rome–Fiumicino Leonardo da Vinci International Airport,41.804532,12.251998,IT,Rome,LIRF,FCO,IT,62
4378,LIRN,large_airport,Naples International Airport,40.886002,14.2908,IT,Napoli,LIRN,NAP,IT,72
4379,LIRP,large_airport,Pisa International Airport,43.683899,10.3927,IT,Pisa,LIRP,PSA,IT,52
4386,LJLJ,large_airport,Ljubljana Jože Pučnik Airport,46.223701,14.4576,SI,Zgornji Brnik,LJLJ,LJU,SI,012
4408,LKPR,large_airport,Václav Havel Airport Prague,50.100874,14.259911,CZ,Prague,LKPR,PRG,CZ,PR
4411,LLBG,large_airport,Ben Gurion International Airport,32.011398,34.8867,IL,Tel Aviv,LLBG,TLV,IL,M
330388,LLER,large_airport,Ramon International Airport,29.727009,35.014116,IL,Eilat,LLER,ETM,IL,D
4427,LMML,large_airport,Malta International Airport,35.857498,14.4775,MT,Valletta,LMML,MLA,MT,25
4434,LOWW,large_airport,Vienna International Airport,48.110298,16.5697,AT,Vienna,LOWW,VIE,AT,9
4448,LPFR,large_airport,Faro Airport,37.0144004822,-7.96590995789,PT,Faro,LPFR,FAO,PT,08
4452,LPMA,large_airport,Madeira International Airport Cristiano Ronaldo,32.697899,-16.7745,PT,Funchal,LPMA,FNC,PT,30
4456,LPPD,large_airport,João Paulo II Airport,37.7411994934,-25.6979007721,PT,Ponta Delgada,LPPD,PDL,PT,20
4459,LPPR,large_airport,Francisco de Sá Carneiro Airport,41.2481002808,-8.68138980865,PT,Porto,LPPR,OPO,PT,13
4461,LPPT,large_airport,Humberto Delgado Airport (Lisbon Portela Airport),38.7813,-9.13592,PT,Lisbon,LPPT,LIS,PT,11
4482,LROP,large_airport,Bucharest Henri Coandă International Airport,44.572127,26.103396,RO,Otopeni,LROP,OTP,RO,IF
4490,LSGG,large_airport,Geneva Cointrin International Airport,46.238098,6.10895,CH,Geneva,LSGG,GVA,CH,GE
4505,LSZH,large_airport,Zürich Airport,47.458056,8.548056,CH,Zurich,LSZH,ZRH,CH,ZH
4509,LTAC,large_airport,Esenboğa International Airport,40.128101,32.995098,TR,Ankara,LTAC,ESB,TR,06
4515,LTAI,large_airport,Antalya International Airport,36.898701,30.800501,TR,Antalya,LTAI,AYT,TR,07
4528,LTBA,large_airport,İstanbul Atatürk Airport,40.971913,28.823714,TR,"Bakırköy, Istanbul",LTBA,ISL,TR,34
4533,LTBJ,large_airport,Adnan Menderes International Airport,38.2924,27.157,TR,Gaziemir,LTBJ,ADB,TR,35
4542,LTBS,large_airport,Dalaman International Airport,36.7131004333,28.7924995422,TR,Dalaman,LTBS,DLM,TR,48
4567,LTFE,large_airport,Milas Bodrum International Airport,37.250599,27.664301,TR,Bodrum,LTFE,BJV,TR,48
4569,LTFJ,large_airport,Istanbul Sabiha Gökçen International Airport,40.898602,29.3092,TR,"Pendik, Istanbul",LTFJ,SAW,TR,34
317457,LTFM,large_airport,İstanbul Airport,41.261297,28.741951,TR,"Arnavutköy, Istanbul",LTFM,IST,TR,34
4573,LWSK,large_airport,Skopje International Airport,41.958087,21.622581,MK,Ilinden,LWSK,SKP,MK,008
4610,LYBE,large_airport,Belgrade Nikola Tesla Airport,44.818401,20.309099,RS,Belgrade,LYBE,BEG,RS,00
4613,LYPG,large_airport,Podgorica Airport / Podgorica Golubovci Airbase,42.359402,19.2519,ME,Podgorica,LYPG,TGD,ME,16
4617,LZIB,large_airport,M. R. Štefánik Airport,48.1702,17.2127,SK,Bratislava,LZIB,BTS,SK,BL
4628,MBPV,large_airport,Providenciales International Airport,21.773697,-72.268321,TC,Providenciales,MBPV,PLS,TC,PR
4635,MDLR,large_airport,Casa De Campo International Airport,18.452222,-68.911111,DO,La Romana,MDLR,LRM,DO,12
4636,MDPC,large_airport,Punta Cana International Airport,18.5674,-68.363403,DO,Punta Cana,MDPC,PUJ,DO,11
4638,MDSD,large_airport,Las Américas International Airport,18.42970085144,-69.668899536133,DO,Santo Domingo,MDSD,SDQ,DO,01
4644,MGGT,large_airport,La Aurora Airport,14.5833,-90.527496,GT,Guatemala City,MGGT,GUA,GT,GU
4680,MKJP,large_airport,Norman Manley International Airport,17.935699462890625,-76.7874984741211,JM,Kingston,MKJP,KIN,JM,01
4706,MMCZ,large_airport,Aeropuerto Internacional de Cozumel,20.511425,-86.930287,MX,Ciudad de Cozumel,MMCZ,CZM,MX,ROO
4707,MMDO,large_airport,"Aeropuerto Internacional Gral, Guadalupe Victoria",24.125908,-104.533904,MX,Ciudad de Durango,MMDO,DGO,MX,DUR
4710,MMGL,large_airport,Guadalajara International Airport,20.523342,-103.310108,MX,Guadalajara,MMGL,GDL,MX,JAL
4726,MMMD,large_airport,Aeropuerto Internacional Manuel Crescencio Rejón,20.933384,-89.662621,MX,Ciudad de Mérida,MMMD,MID,MX,YUC
4731,MMMX,large_airport,Aeropuerto Internacional Lic. Benito Juárez,19.435433,-99.082432,MX,Ciudad de México,MMMX,MEX,MX,DIF
4732,MMMY,large_airport,Monterrey International Airport,25.778521,-100.106989,MX,Monterrey,MMMY,MTY,MX,NLE
4733,MMMZ,large_airport,General Rafael Buelna International Airport,23.161474,-106.264572,MX,Mazatlàn,MMMZ,MZT,MX,SIN
4745,MMPR,large_airport,Aeropuerto Internacional Lic. Gustavo Díaz Ordaz,20.679746,-105.246685,MX,Ciudad de Puerto Vallarta,MMPR,PVR,MX,JAL
4750,MMSD,large_airport,Aeropuerto Internacional de Los Cabos,23.151919,-109.720731,MX,San José del Cabo,MMSD,SJD,MX,BCS
4751,MMSF,large_airport,Aeropuerto Internacional San Felipe,30.931996,-114.80847,MX,Mexicali,MMSF,SFH,MX,BCN
31923,MMSM,large_airport,Aeropuerto Internacional General Felipe Ángeles,19.7357,-99.0257,MX,Mexico City,MMSM,NLU,MX,MEX
4757,MMTJ,large_airport,Aeropuerto Internacional Gral. Abelardo Rodriguez,32.545963,-116.975856,MX,Ciudad de Tijuana,MMTJ,TIJ,MX,BCN
4762,MMUN,large_airport,Aeropuerto Internacional de Cancún,21.039444,-86.874304,MX,Cancún,MMUN,CUN,MX,ROO
4793,MPTO,large_airport,Tocumen International Airport,9.07136,-79.383499,PA,Tocumen,MPTO,PTY,PA,8
4806,MRLB,large_airport,Guanacaste Airport,10.5933,-85.544403,CR,Liberia,MRLB,LIR,CR,G
4820,MSLP,large_airport,Monseñor Óscar Arnulfo Romero International Airport,13.4409,-89.055702,SV,San Salvador (San Luis Talpa),MSLP,SAL,SV,PA
4825,MTPP,large_airport,Toussaint Louverture International Airport,18.58,-72.292503,HT,Port-au-Prince,MTPP,PAP,HT,OU
4839,MUHA,large_airport,José Martí International Airport,22.989200592041016,-82.40910339355469,CU,Havana,MUHA,HAV,CU,03
4859,MUVR,large_airport,Juan Gualberto Gomez International Airport,23.034401,-81.435303,CU,Matanzas,MUVR,VRA,CU,04
4862,MWCR,large_airport,Owen Roberts International Airport,19.292801,-81.357697,KY,George Town,MWCR,GCM,KY,GC
4951,MYNN,large_airport,Lynden Pindling International Airport,25.039,-77.466202,BS,Nassau,MYNN,NAS,BS,NP
4956,MZBZ,large_airport,Philip S. W. Goldson International Airport,17.539951,-88.303556,BZ,Belize City,MZBZ,BZE,BZ,BZ
4979,NTAA,large_airport,Faa'a International Airport,-17.553699,-149.606995,PF,Papeete,NTAA,PPT,PF,U
5011,NVVV,large_airport,Bauerfield International Airport,-17.699301,168.320007,VU,Port Vila,NVVV,VLI,VU,SEE
5023,NZAA,large_airport,Auckland International Airport,-37.01199,174.786331,NZ,Auckland,NZAA,AKL,NZ,AUK
5026,NZCH,large_airport,Christchurch International Airport,-43.48939895629883,172.53199768066406,NZ,Christchurch,NZCH,CHC,NZ,CAN
5063,NZWN,large_airport,Wellington International Airport,-41.3272018433,174.804992676,NZ,Wellington,NZWN,WLG,NZ,WGN
5079,OBBI,large_airport,Bahrain International Airport,26.267295,50.63764,BH,Manama,OBBI,BAH,BH,15
5087,OEDF,large_airport,King Fahd International Airport,26.471201,49.797901,SA,Ad Dammam,OEDF,DMM,SA,04
5089,OEDR,large_airport,King Abdulaziz Air Base,26.2654,50.152,SA,Dhahran,OEDR,DHA,SA,04
5097,OEJN,large_airport,King Abdulaziz International Airport,21.6796,39.156502,SA,Jeddah,OEJN,JED,SA,02
5101,OEMA,large_airport,Prince Mohammad Bin Abdulaziz Airport,24.5534,39.705101,SA,Medina,OEMA,MED,SA,03
5112,OERK,large_airport,King Khaled International Airport,24.9576,46.698799,SA,Riyadh,OERK,RUH,SA,01
5166,OIIE,large_airport,Imam Khomeini International Airport,35.416099548339844,51.15219879150391,IR,Tehran,OIIE,IKA,IR,23
5168,OIII,large_airport,Mehrabad International Airport,35.68920135498047,51.31340026855469,IR,Tehran,OIII,THR,IR,23
5183,OIMM,large_airport,Mashhad International Airport,36.235198974609375,59.64099884033203,IR,Mashhad,OIMM,MHD,IR,09
5197,OISS,large_airport,Shiraz Shahid Dastghaib International Airport,29.5392,52.589802,IR,Shiraz,OISS,SYZ,IR,07
5212,OJAI,large_airport,Queen Alia International Airport,31.7226009369,35.9931983948,JO,Amman,OJAI,AMM,JO,AM
5220,OKBK,large_airport,Kuwait International Airport,29.226601,47.968899,KW,Kuwait City,OKKK,KWI,KW,FA
5222,OLBA,large_airport,Beirut Rafic Hariri International Airport,33.820899963378906,35.488399505615234,LB,Beirut,OLBA,BEY,LB,JL
299738,OM-0003,large_airport,Duqm International Airport,19.501944,57.634167,OM,Duqm,OODQ,DQM,OM,WU
5226,OMAA,large_airport,Zayed International Airport,24.443764,54.651718,AE,Abu Dhabi,OMAA,AUH,AE,AZ
5235,OMDB,large_airport,Dubai International Airport,25.2527999878,55.3643989563,AE,Dubai,OMDB,DXB,AE,DU
300320,OMDW,large_airport,Al Maktoum International Airport,24.896356,55.161389,AE,Jebel Ali,OMDW,DWC,AE,DU
5239,OMSJ,large_airport,Sharjah International Airport,25.3286,55.5172,AE,Sharjah,OMSJ,SHJ,AE,SH
5242,OOMS,large_airport,Muscat International Airport,23.5933,58.284401,OM,Muscat,OOMS,MCT,OM,MA
333692,OPIS,large_airport,Islamabad International Airport,33.549,72.82566,PK,Attock,OPIS,ISB,PK,PB
5255,OPKC,large_airport,Jinnah International Airport,24.9065,67.160797,PK,Karachi,OPKC,KHI,PK,SD
5257,OPLA,large_airport,Allama Iqbal International Airport,31.521601,74.403603,PK,Lahore,OPLA,LHE,PK,PB
5289,ORBI,large_airport,Baghdad International Airport / New Al Muthana Air Base,33.262501,44.2346,IQ,Baghdad,ORBI,BGW,IQ,BG
5303,OSDI,large_airport,Damascus International Airport,33.4114990234375,36.51559829711914,SY,Damascus,OSDI,DAM,SY,DI
44686,OTHH,large_airport,Hamad International Airport,25.273056,51.608056,QA,Doha,OTHH,DOH,QA,DA
5388,PANC,large_airport,Ted Stevens Anchorage International Airport,61.179004,-149.992561,US,Anchorage,PANC,ANC,US,AK
5433,PGUM,large_airport,Antonio B. Won Pat International Airport,13.4834,144.796005,GU,Hagåtña,PGUM,GUM,GU,U
5453,PHNL,large_airport,Daniel K Inouye International Airport,21.32062,-157.924228,US,Honolulu,PHNL,HNL,US,HI
5455,PHOG,large_airport,Kahului International Airport,20.896263,-156.431837,US,Kahului,PHOG,OGG,US,HI
5516,RCKH,large_airport,Kaohsiung International Airport,22.577101,120.349998,TW,Kaohsiung (Xiaogang),RCKH,KHH,TW,KHH
5528,RCTP,large_airport,Taiwan Taoyuan International Airport,25.0777,121.233002,TW,Taoyuan,RCTP,TPE,TW,TAO
5531,RJAA,large_airport,Narita International Airport,35.764702,140.386002,JP,Narita,RJAA,NRT,JP,12
5536,RJBB,large_airport,Kansai International Airport,34.427299,135.244003,JP,Osaka,RJBB,KIX,JP,27
5544,RJCC,large_airport,New Chitose Airport,42.7752,141.692001,JP,Sapporo,RJCC,CTS,JP,01
5564,RJFF,large_airport,Fukuoka Airport,33.585899353027344,130.4510040283203,JP,Fukuoka,RJFF,FUK,JP,40
5566,RJFK,large_airport,Kagoshima Airport,31.8034,130.718994,JP,Kagoshima,RJFK,KOJ,JP,46
5576,RJGG,large_airport,Chubu Centrair International Airport,34.858398,136.804993,JP,Tokoname,RJGG,NGO,JP,23
5598,RJOO,large_airport,Osaka International Airport,34.7855,135.438004,JP,Osaka,RJOO,ITM,JP,27
5615,RJSS,large_airport,Sendai Airport,38.139702,140.917007,JP,Natori,RJSS,SDJ,JP,04
5627,RJTT,large_airport,Tokyo Haneda International Airport,35.552299,139.779999,JP,Tokyo,RJTT,HND,JP,13
5629,RJTY,large_airport,Yokota Air Base,35.748501,139.348007,JP,Fussa,RJTY,OKO,JP,13
302303,RKJB,large_airport,Muan International Airport,34.991406,126.382814,KR,Piseo-ri (Muan),RKJB,MWX,KR,46
5639,RKPC,large_airport,Jeju International Airport,33.512058,126.492548,KR,Jeju City,RKPC,CJU,KR,49
5642,RKPK,large_airport,Gimhae International Airport,35.179501,128.938004,KR,Busan,RKPK,PUS,KR,26
5653,RKSI,large_airport,Incheon International Airport,37.469101,126.450996,KR,Seoul,RKSI,ICN,KR,28
5656,RKSS,large_airport,Gimpo International Airport,37.5583,126.791,KR,Seoul,RKSS,GMP,KR,11
5671,ROAH,large_airport,Naha Airport / JASDF Naha Air Base,26.195801,127.646004,JP,Naha,ROAH,OKA,JP,47
5673,RODN,large_airport,Kadena Air Base,26.351667,127.769444,JP,Kadena,RODN,DNA,JP,47
5689,RPLL,large_airport,Ninoy Aquino International Airport,14.5086,121.019997,PH,Manila,RPLL,MNL,PH,00
5697,RPMD,large_airport,Francisco Bangoy International Airport,7.12552,125.646004,PH,Davao,RPMD,DVO,PH,DAS
5742,RPVM,large_airport,Mactan Cebu International Airport,10.309261,123.97974,PH,Lapu-Lapu City,RPVM,CEB,PH,CEB
41136,RU-0016,large_airport,Lipetsk Air Base,52.634998,39.445,RU,Lipetsk,UUOL,LPK,RU,LIP
5771,SABE,large_airport,Jorge Newbery Airpark,-34.5592,-58.4156,AR,Buenos Aires,SABE,AEP,AR,C
5781,SAEZ,large_airport,Minister Pistarini International Airport,-34.8222,-58.5358,AR,Buenos Aires (Ezeiza),SAEZ,EZE,AR,B
5867,SBBE,large_airport,Val de Cans/Júlio Cezar Ribeiro International Airport,-1.379279,-48.476207,BR,Belém,SBBE,BEL,BR,PA
5872,SBBR,large_airport,Presidente Juscelino Kubitschek International Airport,-15.869167,-47.920834,BR,Brasília,SBBR,BSB,BR,DF
5882,SBCF,large_airport,Tancredo Neves International Airport,-19.63571,-43.966928,BR,Belo Horizonte,SBCF,CNF,BR,MG
5897,SBEG,large_airport,Eduardo Gomes International Airport,-3.03861,-60.049702,BR,Manaus,SBEG,MAO,BR,AM
5901,SBFL,large_airport,Hercílio Luz International Airport,-27.670279,-48.552502,BR,Florianópolis,SBFL,FLN,BR,SC
5905,SBFZ,large_airport,Pinto Martins International Airport,-3.775833,-38.532222,BR,Fortaleza,SBFZ,FOR,BR,CE
5906,SBGL,large_airport,Rio Galeão – Tom Jobim International Airport,-22.809999,-43.250557,BR,Rio De Janeiro,SBGL,GIG,BR,RJ
5910,SBGR,large_airport,Guarulhos - Governador André Franco Montoro International Airport,-23.431944,-46.467778,BR,São Paulo,SBGR,GRU,BR,SP
5961,SBPS,large_airport,Porto Seguro Airport,-16.438426,-39.080584,BR,Porto Seguro,SBPS,BPS,BR,BA
5977,SBSV,large_airport,Deputado Luiz Eduardo Magalhães International Airport,-12.908611,-38.322498,BR,Salvador,SBSV,SSA,BR,BA
5998,SBVT,large_airport,Eurico de Aguiar Salles Airport,-20.258,-40.285,BR,Vitória,SBVT,VIX,BR,ES
6015,SCEL,large_airport,Comodoro Arturo Merino Benítez International Airport,-33.393001556396484,-70.78579711914062,CL,Santiago,SCEL,SCL,CL,RM
6056,SEGU,large_airport,José Joaquín de Olmedo International Airport,-2.15742,-79.883598,EC,Guayaquil,SEGU,GYE,EC,G
308273,SEQM,large_airport,Mariscal Sucre International Airport,-0.125399,-78.354306,EC,Quito,SEQM,UIO,EC,P
6088,SGAS,large_airport,Aeropuerto Internacional Silvio Pettirossi,-25.240156,-57.519227,PY,Asunción,SGAS,ASU,PY,11
29851,SGEN,large_airport,Aeropuerto Internacional Tte. Amin Ayub González,-27.221691,-55.833807,PY,Encarnación,SGEN,ENO,PY,7
6091,SGES,large_airport,Aeropuerto Internacional Guaraní,-25.457186,-54.839544,PY,Ciudad del Este,SGES,AGT,PY,10
6093,SGME,large_airport,Aeropuerto Internacional Dr. Luis Maria Argaña,-22.033912,-60.618964,PY,Mariscal Estigarribia,SGME,ESG,PY,19
6095,SGPJ,large_airport,Aeropuerto Internacional Dr. Augusto Roberto Fuster,-22.640946,-55.832005,PY,Pedro Juan Caballero,SGPJ,PJC,PY,13
6104,SKBO,large_airport,El Dorado International Airport,4.70159,-74.1469,CO,Bogota,SKBO,BOG,CO,DC
6193,SLVR,large_airport,Viru Viru International Airport,-17.6448,-63.135399,BO,Santa Cruz,SLVR,VVI,BO,S
6195,SMJP,large_airport,Johan Adolf Pengel International Airport,5.45283,-55.187801,SR,Zandery,SMJP,PBM,SR,PR
6198,SOCA,large_airport,Cayenne – Félix Eboué Airport,4.819964,-52.361326,GF,Matoury,SOCA,CAY,GF,CY
6217,SPIM,large_airport,Jorge Chávez International Airport,-12.0219,-77.114305,PE,Lima,SPJC,LIM,PE,LIM
6243,SPZO,large_airport,Alejandro Velasco Astete International Airport,-13.535699844400002,-71.9387969971,PE,Cusco,SPZO,CUZ,PE,CUS
6247,SUMU,large_airport,Carrasco General Cesáreo L. Berisso International Airport,-34.835647,-56.026497,UY,Ciudad de la Costa,SUMU,MVD,UY,CA
6255,SVBC,large_airport,General José Antonio Anzoategui International Airport,10.111111,-64.692222,VE,Barcelona,SVBC,BLA,VE,B
6300,SVMI,large_airport,Simón Bolívar International Airport,10.601194,-66.991222,VE,Caracas,SVMI,CCS,VE,X
342096,TAO,large_airport,Qingdao Jiaodong International Airport,36.361953,120.088171,CN,"Jiaozhou, Qingdao",ZSQD,TAO,CN,37
6363,TFFF,large_airport,Martinique Aimé Césaire International Airport,14.591,-61.003201,MQ,Fort-de-France,TFFF,FDF,MQ,U
6366,TFFR,large_airport,Pointe-à-Pitre Le Raizet International  Airport,16.265301,-61.531799,GP,Pointe-à-Pitre,TFFR,PTP,GP,U
6384,TJSJ,large_airport,Luis Munoz Marin International Airport,18.4394,-66.001801,PR,San Juan,TJSJ,SJU,PR,U
6389,TLPL,large_airport,Hewanorra International Airport,13.7332,-60.952599,LC,Vieux Fort,TLPL,UVF,LC,11
6402,TNCA,large_airport,Queen Beatrix International Airport,12.5014,-70.015198,AW,Oranjestad,TNCA,AUA,AW,U
6403,TNCB,large_airport,Flamingo International Airport,12.131,-68.268501,BQ,"Kralendijk, Bonaire",TNCB,BON,BQ,U
6404,TNCC,large_airport,Hato International Airport,12.1889,-68.959801,CW,Willemstad,TNCC,CUR,CW,U
6406,TNCM,large_airport,Princess Juliana International Airport,18.041,-63.108898,SX,Saint Martin,TNCM,SXM,SX,U
324731,TR-0044,large_airport,Çukurova International Airport,36.890908,35.070522,TR,Tarsus,LTDB,COV,TR,33
6421,UAAA,large_airport,Almaty International Airport,43.354267,77.042828,KZ,Almaty,UAAA,ALA,KZ,ALA
6423,UACC,large_airport,Nursultan Nazarbayev International Airport,51.027035,71.467094,KZ,Astana,UACC,NQZ,KZ,AST
6426,UAFM,large_airport,Manas International Airport,43.0612983704,74.4776000977,KG,Bishkek,UCFM,FRU,KG,C
6440,UBBB,large_airport,Heydar Aliyev International Airport,40.46749877929688,50.04669952392578,AZ,Baku,UBBB,GYD,AZ,BA
6446,UDYZ,large_airport,Zvartnots International Airport,40.1473007202,44.3959007263,AM,Yerevan,UDYZ,EVN,AM,ER
6453,UGTB,large_airport,Tbilisi International Airport,41.669201,44.9547,GE,Tbilisi,UGTB,TBS,GE,TB
6462,UHWW,large_airport,Vladivostok International Airport,43.396256,132.148155,RU,Artyom,UHWW,VVO,RU,PRI
6467,UKBB,large_airport,Boryspil International Airport,50.345001,30.894699,UA,Boryspil,UKBB,KBP,UA,32
6481,UKLL,large_airport,Lviv International Airport,49.8125,23.9561,UA,Lviv,UKLL,LWO,UA,46
6489,ULLI,large_airport,Pulkovo Airport,59.800301,30.262501,RU,St. Petersburg,ULLI,LED,RU,SPE
6501,UMMS,large_airport,Minsk National Airport,53.888071,28.039964,BY,Minsk,UMMS,MSQ,BY,MI
6506,UNKL,large_airport,Krasnoyarsk International Airport,56.173077,92.492437,RU,Krasnoyarsk,UNKL,KJA,RU,KYA
6507,UNNT,large_airport,Novosibirsk Tolmachevo Airport,55.019756,82.618675,RU,Novosibirsk,UNNT,OVB,RU,NVS
326363,URRP,large_airport,Platov International Airport,47.493888,39.924722,RU,Rostov-on-Don,URRP,ROV,RU,ROS
6519,URSS,large_airport,Sochi International Airport,43.449902,39.9566,RU,Sochi,URSS,AER,RU,KDA
26378,USSS,large_airport,Koltsovo Airport,56.743099212646,60.802700042725,RU,Yekaterinburg,USSS,SVX,RU,SVE
26380,UTAA,large_airport,Ashgabat International Airport,37.986801,58.361,TM,Ashgabat,UTAA,ASB,TM,S
26392,UTTT,large_airport,Tashkent International Airport,41.257900238,69.2811965942,UZ,Tashkent,UTTT,TAS,UZ,TO
42967,UUBW,large_airport,Zhukovsky International Airport,55.553299,38.150002,RU,Moscow,UUBW,ZIA,RU,MOS
26394,UUDD,large_airport,Domodedovo International Airport,55.408798,37.9063,RU,Moscow,UUDD,DME,RU,MOS
26396,UUEE,large_airport,Sheremetyevo International Airport,55.972599,37.4146,RU,Moscow,UUEE,SVO,RU,MOS
26401,UUWW,large_airport,Vnukovo International Airport,55.591499,37.261501,RU,Moscow,UUWW,VKO,RU,MOW
26404,UWKD,large_airport,Kazan International Airport,55.606201171875,49.278701782227,RU,Kazan,UWKD,KZN,RU,TA
339001,UWSG,large_airport,Gagarin International Airport,51.712778,46.171111,RU,Saratov,UWSG,GSV,RU,SAR
26411,UWUU,large_airport,Ufa International Airport,54.557498931885,55.874401092529,RU,Ufa,UWUU,UFA,RU,BA
26412,UWWW,large_airport,Kurumoch International Airport,53.504902,50.164299,RU,Samara,UWWW,KUF,RU,SAM
26434,VABB,large_airport,Chhatrapati Shivaji International Airport,19.0886993408,72.8678970337,IN,Mumbai,VABB,BOM,IN,MM
26444,VAGO,large_airport,Dabolim Airport,15.3808,73.831398,IN,Vasco da Gama,VOGO,GOI,IN,GA
512065,VAHS,large_airport,Rajkot International Airport,22.378824,71.039391,IN,Rajkot,VAHS,HSR,IN,GJ
26463,VCBI,large_airport,Bandaranaike International Colombo Airport,7.180759906768799,79.88410186767578,LK,Colombo,VCBI,CMB,LK,1
309579,VCRI,large_airport,Mattala Rajapaksa International Airport,6.284467,81.124128,LK,Mattala,VCRI,HRI,LK,3
26475,VDPP,large_airport,Phnom Penh International Airport,11.5466,104.844002,KH,Phnom Penh (Pou Senchey),VDPP,PNH,KH,12
513482,VDSA,large_airport,Siem Reap-Angkor International Airport,13.369167,104.223056,KH,Siem Reap,VDSA,SAI,KH,17
26496,VECC,large_airport,Netaji Subhash Chandra Bose International Airport,22.654699,88.446701,IN,Kolkata,VECC,CCU,IN,WB
26534,VGZR,large_airport,Hazrat Shahjalal International Airport,23.843347,90.397783,BD,Dhaka,VGHS,DAC,BD,3
26535,VHHH,large_airport,Hong Kong International Airport,22.308901,113.915001,HK,Hong Kong,VHHH,HKG,HK,NT
26555,VIDP,large_airport,Indira Gandhi International Airport,28.55563,77.09519,IN,New Delhi,VIDP,DEL,IN,DL
26589,VMMC,large_airport,Macau International Airport,22.149599,113.592003,MO,Nossa Senhora do Carmo,VMMC,MFM,MO,CAR
26596,VNKT,large_airport,Tribhuvan International Airport,27.6966,85.3591,NP,Kathmandu,VNKT,KTM,NP,P3
35145,VOBL,large_airport,Kempegowda International Airport,13.1979,77.706299,IN,Bangalore,VOBL,BLR,IN,KA
26609,VOCI,large_airport,Cochin International Airport,10.152,76.401901,IN,Kochi,VOCI,COK,IN,KL
35141,VOHS,large_airport,Rajiv Gandhi International Airport,17.231318,78.429855,IN,Hyderabad,VOHS,HYD,IN,TG
26618,VOMM,large_airport,Chennai International Airport,12.990005,80.169296,IN,Chennai,VOMM,MAA,IN,TN
26629,VOTV,large_airport,Thiruvananthapuram International Airport,8.48212,76.920097,IN,Thiruvananthapuram,VOTV,TRV,IN,KL
26636,VRMM,large_airport,Malé International Airport,4.191830158233643,73.52909851074219,MV,Malé,VRMM,MLE,MV,MLE
26638,VTBD,large_airport,Don Mueang International Airport,13.9125995636,100.607002258,TH,Bangkok,VTBD,DMK,TH,10
28118,VTBS,large_airport,Suvarnabhumi Airport,13.681099891662598,100.74700164794922,TH,Bangkok,VTBS,BKK,TH,10
26647,VTCC,large_airport,Chiang Mai International Airport,18.7667999268,98.962600708,TH,Chiang Mai,VTCC,CNX,TH,50
26674,VTSP,large_airport,Phuket International Airport,8.1132,98.316902,TH,Phuket,VTSP,HKT,TH,83
26700,VVNB,large_airport,Noi Bai International Airport,21.221201,105.806999,VN,Hanoi (Soc Son),VVNB,HAN,VN,RRD
26708,VVTS,large_airport,Tan Son Nhat International Airport,10.8188,106.652,VN,Ho Chi Minh City,VVTS,SGN,VN,SE
26727,VYMD,large_airport,Mandalay International Airport,21.70219993591309,95.97789764404295,MM,Mandalay,VYMD,MDL,MM,04
26744,VYYY,large_airport,Yangon International Airport,16.907300949099998,96.1332015991,MM,Yangon,VYYY,RGN,MM,06
26745,WAAA,large_airport,Hasanuddin International Airport,-5.06163,119.554001,ID,Ujung Pandang,WAAA,UPG,ID,SN
26751,WADD,large_airport,Ngurah Rai (Bali) International Airport,-8.74817,115.167,ID,Denpasar,WADD,DPS,ID,BA
26755,WAJJ,large_airport,Dortheys Hiyo Eluay International Airport,-2.579627,140.519857,ID,Sentani,WAJJ,DJJ,ID,PA
26760,WALL,large_airport,Sultan Aji Muhammad Sulaiman Sepinggan International Airport,-1.268342,116.89452,ID,Balikpapan,WALL,BPN,ID,KI
26789,WARR,large_airport,Juanda International Airport,-7.37983,112.787003,ID,Surabaya,WARR,SUB,ID,JI
26819,WBSB,large_airport,Brunei International Airport,4.9442,114.928001,BN,Bandar Seri Begawan,WBSB,BWN,BN,BM
26835,WIII,large_airport,Soekarno-Hatta International Airport,-6.1255698204,106.65599823,ID,Jakarta,WIII,CGK,ID,BT
309577,WIMM,large_airport,Kualanamu International Airport,3.637847,98.870566,ID,Medan,WIMM,KNO,ID,SU
26874,WMKK,large_airport,Kuala Lumpur International Airport,2.74558,101.709999,MY,Sepang,WMKK,KUL,MY,10
26887,WSSS,large_airport,Singapore Changi Airport,1.35019,103.994003,SG,Singapore,WSSS,SIN,SG,04
26901,YBBN,large_airport,Brisbane International Airport,-27.38419914245605,153.11700439453125,AU,Brisbane,YBBN,BNE,AU,QLD
27066,YMML,large_airport,Melbourne International Airport,-37.673302,144.843002,AU,Melbourne,YMML,MEL,AU,VIC
332096,YNT,large_airport,Yantai Penglai International Airport,37.659724,120.978124,CN,Yantai,ZSYT,YNT,CN,37
27096,YPAD,large_airport,Adelaide International Airport,-34.947512,138.533393,AU,Adelaide,YPAD,ADL,AU,SA
27101,YPDN,large_airport,Darwin International Airport / RAAF Darwin,-12.41497,130.88185,AU,Darwin,YPDN,DRW,AU,NT
27119,YPPH,large_airport,Perth International Airport,-31.94029998779297,115.96700286865234,AU,Perth,YPPH,PER,AU,WA
27145,YSSY,large_airport,Sydney Kingsford Smith International Airport,-33.94609832763672,151.177001953125,AU,Sydney,YSSY,SYD,AU,NSW
27188,ZBAA,large_airport,Beijing Capital International Airport,40.0801010131836,116.58499908447266,CN,Beijing,ZBAA,PEK,CN,11
330820,ZBAD,large_airport,Beijing Daxing International Airport,39.509945,116.41092,CN,Beijing,ZBAD,PKX,CN,11
27189,ZBHH,large_airport,Hohhot Baita International Airport,40.849658,111.824598,CN,Hohhot,ZBHH,HET,CN,15
27192,ZBTJ,large_airport,Tianjin Binhai International Airport,39.1244010925,117.346000671,CN,Tianjin,ZBTJ,TSN,CN,12
27193,ZBYN,large_airport,Taiyuan Wusu Airport,37.746899,112.627998,CN,Taiyuan,ZBYN,TYN,CN,14
27194,ZGGG,large_airport,Guangzhou Baiyun International Airport,23.392401,113.299004,CN,Guangzhou (Huadu),ZGGG,CAN,CN,44
27195,ZGHA,large_airport,Changsha Huanghua International Airport,28.189199,113.220001,CN,Changsha (Changsha),ZGHA,CSX,CN,43
27196,ZGKL,large_airport,Guilin Liangjiang International Airport,25.219828,110.039553,CN,Guilin (Lingui),ZGKL,KWL,CN,45
27197,ZGNN,large_airport,Nanning Wuxu Airport,22.608299,108.171997,CN,Nanning (Jiangnan),ZGNN,NNG,CN,45
27198,ZGSZ,large_airport,Shenzhen Bao'an International Airport,22.639299,113.810997,CN,Shenzhen (Bao'an),ZGSZ,SZX,CN,44
27199,ZHCC,large_airport,Zhengzhou Xinzheng International Airport,34.526497,113.849165,CN,Zhengzhou,ZHCC,CGO,CN,41
27200,ZHHH,large_airport,Wuhan Tianhe International Airport,30.774798,114.213723,CN,Wuhan (Huangpi),ZHHH,WUH,CN,42
27201,ZJHK,large_airport,Haikou Meilan International Airport,19.9349,110.459,CN,Haikou (Meilan),ZJHK,HAK,CN,46
27202,ZJSY,large_airport,Sanya Phoenix International Airport,18.3029,109.412003,CN,Sanya (Tianya),ZJSY,SYX,CN,46
27204,ZLLL,large_airport,Lanzhou Zhongchuan International Airport,36.515202,103.620003,CN,Lanzhou (Yongdeng),ZLLL,LHW,CN,62
27205,ZLXY,large_airport,Xi'an Xianyang International Airport,34.447102,108.751999,CN,Xianyang (Weicheng),ZLXY,XIY,CN,61
335326,ZMCK,large_airport,Ulaanbaatar Chinggis Khaan International Airport,47.646916,106.819833,MN,Ulaanbaatar (Sergelen),ZMCK,UBN,MN,047
27214,ZPPP,large_airport,Kunming Changshui International Airport,25.110313,102.936743,CN,Kunming,ZPPP,KMG,CN,53
27215,ZSAM,large_airport,Xiamen Gaoqi International Airport,24.54400062561035,118.12799835205078,CN,Xiamen,ZSAM,XMN,CN,35
27216,ZSCN,large_airport,Nanchang Changbei International Airport,28.864815,115.90271,CN,Nanchang,ZSCN,KHN,CN,36
27217,ZSFZ,large_airport,Fuzhou Changle International Airport,25.934669,119.66318,CN,Fuzhou,ZSFZ,FOC,CN,35
27218,ZSHC,large_airport,Hangzhou Xiaoshan International Airport,30.23609,120.428865,CN,Hangzhou,ZSHC,HGH,CN,33
27219,ZSJN,large_airport,Jinan Yaoqiang International Airport,36.857201,117.216003,CN,Jinan,ZSJN,TNA,CN,37
27220,ZSNB,large_airport,Ningbo Lishe International Airport,29.82670021057129,121.46199798583984,CN,Ningbo,ZSNB,NGB,CN,33
27221,ZSNJ,large_airport,Nanjing Lukou International Airport,31.735032,118.865949,CN,Nanjing,ZSNJ,NKG,CN,32
27223,ZSPD,large_airport,Shanghai Pudong International Airport,31.1434,121.805,CN,Shanghai (Pudong),ZSPD,PVG,CN,31
27225,ZSSS,large_airport,Shanghai Hongqiao International Airport,31.198104,121.33426,CN,Shanghai (Minhang),ZSSS,SHA,CN,31
32672,ZSWZ,large_airport,Wenzhou Longwan International Airport,27.912201,120.851997,CN,Wenzhou,ZSWZ,WNZ,CN,33
27228,ZUCK,large_airport,Chongqing Jiangbei International Airport,29.712254,106.651895,CN,Chongqing,ZUCK,CKG,CN,50
27229,ZUGY,large_airport,Guiyang Longdongbao International Airport,26.541466,106.803331,CN,Guiyang (Nanming),ZUGY,KWE,CN,52
342095,ZUTF,large_airport,Chengdu Tianfu International Airport,30.31252,104.441284,CN,Chengdu (Jianyang),ZUTF,TFU,CN,51
27230,ZUUU,large_airport,Chengdu Shuangliu International Airport,30.558257,103.945966,CN,Chengdu (Shuangliu),ZUUU,CTU,CN,51
27236,ZWWW,large_airport,Ürümqi Diwopu International Airport,43.90710067749024,87.47419738769531,CN,Ürümqi,ZWWW,URC,CN,65
27237,ZYCC,large_airport,Changchun Longjia International Airport,43.996201,125.684998,CN,Changchun,ZYCC,CGQ,CN,22
27238,ZYHB,large_airport,Harbin Taiping International Airport,45.623402,126.25,CN,Harbin,ZYHB,HRB,CN,23
27242,ZYTL,large_airport,Dalian Zhoushuizi International Airport,38.965698,121.539001,CN,"Ganjingzi, Dalian",ZYTL,DLC,CN,21
27243,ZYTX,large_airport,Shenyang Taoxian International Airport,41.639801,123.483002,CN,"Hunnan, Shenyang",ZYTX,SHE,CN,21
